{"cameraMode":{"drawMode":0,"name":"Shaded","section":"Shading Mode"},"sceneLighting":true,"audioPlay":false,"sceneViewState":{"showFog":true,"showMaterialUpdate":false,"showSkybox":true,"showFlares":true,"showImageEffects":true,"showParticleSystems":true},"in2DMode":false,"pivot":{"x":15.669851303100586,"y":6.421912670135498,"z":1.1095765829086304},"rotation":{"x":-0.09122574329376221,"y":0.7925811409950256,"z":-0.12246912717819214,"w":-0.590353786945343},"size":3.9995524883270265,"orthographic":false}