{"cameraMode":{"drawMode":0,"name":"Shaded","section":"Shading Mode"},"sceneLighting":true,"audioPlay":false,"sceneViewState":{"showFog":true,"showMaterialUpdate":false,"showSkybox":true,"showFlares":true,"showImageEffects":true,"showParticleSystems":true},"in2DMode":false,"pivot":{"x":-0.9176514148712158,"y":0.5522144436836243,"z":0.312247097492218},"rotation":{"x":0.022913090884685518,"y":0.58210688829422,"z":0.016417037695646287,"w":-0.8126334547996521},"size":3.2506706714630129,"orthographic":false}